{
  "name": "jquery",
  "main": "dist/jquery.js",
  "license": "MIT",
  "ignore": [
    "package.json"
  ],
  "keywords": [
    "jquery",
    "javascript",
    "browser",
    "library"
  ],
  "homepage": "https://github.com/jquery/jquery-dist",
  "version": "3.7.1",
  "_release": "3.7.1",
  "_resolution": {
    "type": "version",
    "tag": "3.7.1",
    "commit": "fde1f76e2799dd877c176abde0ec836553246991"
  },
  "_source": "https://github.com/jquery/jquery-dist.git",
  "_target": "3.7.1",
  "_originalSource": "jquery",
  "_direct": true
}